{
  "minZscore": -3.5131123956929198,
  "maxZscore": 10.000000000000002,
  "minAmount": 68,
  "maxAmount": 7983.964971165953
}